filename,width,height,class,xmin,ymin,xmax,ymax
0355_jpg.rf.e3e6daab192a51e715ef9fc3394f2a76.jpg,512,256,Fillings,186,85,209,129
0355_jpg.rf.e3e6daab192a51e715ef9fc3394f2a76.jpg,512,256,Fillings,167,93,188,128
0355_jpg.rf.e3e6daab192a51e715ef9fc3394f2a76.jpg,512,256,Fillings,143,93,170,130
0355_jpg.rf.e3e6daab192a51e715ef9fc3394f2a76.jpg,512,256,Fillings,127,132,155,182
0355_jpg.rf.e3e6daab192a51e715ef9fc3394f2a76.jpg,512,256,Implant,313,85,330,123
0355_jpg.rf.e3e6daab192a51e715ef9fc3394f2a76.jpg,512,256,Fillings,156,133,181,182
0355_jpg.rf.e3e6daab192a51e715ef9fc3394f2a76.jpg,512,256,Fillings,315,129,331,172
0355_jpg.rf.e3e6daab192a51e715ef9fc3394f2a76.jpg,512,256,Fillings,355,125,379,170
0355_jpg.rf.e3e6daab192a51e715ef9fc3394f2a76.jpg,512,256,Fillings,331,126,355,176
0640_jpg.rf.efc8cb9585102f05ae778a77fd63389f.jpg,512,256,Implant,275,95,293,134
0640_jpg.rf.efc8cb9585102f05ae778a77fd63389f.jpg,512,256,Implant,292,94,306,132
0640_jpg.rf.efc8cb9585102f05ae778a77fd63389f.jpg,512,256,Fillings,344,147,377,192
0640_jpg.rf.efc8cb9585102f05ae778a77fd63389f.jpg,512,256,Fillings,316,148,351,197
0640_jpg.rf.efc8cb9585102f05ae778a77fd63389f.jpg,512,256,Fillings,298,149,317,194
0640_jpg.rf.efc8cb9585102f05ae778a77fd63389f.jpg,512,256,Implant,288,153,302,198
0640_jpg.rf.efc8cb9585102f05ae778a77fd63389f.jpg,512,256,Fillings,142,155,169,208
0640_jpg.rf.efc8cb9585102f05ae778a77fd63389f.jpg,512,256,Fillings,189,160,205,200
0640_jpg.rf.efc8cb9585102f05ae778a77fd63389f.jpg,512,256,Fillings,206,155,223,200
0640_jpg.rf.efc8cb9585102f05ae778a77fd63389f.jpg,512,256,Fillings,222,155,234,202
0640_jpg.rf.efc8cb9585102f05ae778a77fd63389f.jpg,512,256,Fillings,234,155,245,205
0640_jpg.rf.efc8cb9585102f05ae778a77fd63389f.jpg,512,256,Fillings,245,157,255,177
0640_jpg.rf.efc8cb9585102f05ae778a77fd63389f.jpg,512,256,Fillings,255,155,265,172
0640_jpg.rf.efc8cb9585102f05ae778a77fd63389f.jpg,512,256,Fillings,265,156,274,176
0640_jpg.rf.efc8cb9585102f05ae778a77fd63389f.jpg,512,256,Fillings,274,156,289,178
0891_jpg.rf.ffe1d3aa3f8891d69e76c1865fec211f.jpg,512,256,Fillings,335,131,383,183
0891_jpg.rf.ffe1d3aa3f8891d69e76c1865fec211f.jpg,512,256,Fillings,137,135,176,187
0891_jpg.rf.ffe1d3aa3f8891d69e76c1865fec211f.jpg,512,256,Fillings,162,145,201,193
0891_jpg.rf.ffe1d3aa3f8891d69e76c1865fec211f.jpg,512,256,Fillings,311,138,351,186
0891_jpg.rf.ffe1d3aa3f8891d69e76c1865fec211f.jpg,512,256,Fillings,290,146,326,191
0891_jpg.rf.ffe1d3aa3f8891d69e76c1865fec211f.jpg,512,256,Fillings,194,146,219,202
0891_jpg.rf.ffe1d3aa3f8891d69e76c1865fec211f.jpg,512,256,Fillings,166,85,187,138
0891_jpg.rf.ffe1d3aa3f8891d69e76c1865fec211f.jpg,512,256,Fillings,143,81,166,131
0891_jpg.rf.ffe1d3aa3f8891d69e76c1865fec211f.jpg,512,256,Fillings,313,84,338,134
0891_jpg.rf.ffe1d3aa3f8891d69e76c1865fec211f.jpg,512,256,Fillings,193,89,208,138
0314_jpg.rf.f8ddf542c45d8c5eb4cb49433fdad7dd.jpg,512,256,Fillings,259,106,273,150
0314_jpg.rf.f8ddf542c45d8c5eb4cb49433fdad7dd.jpg,512,256,Fillings,247,100,260,148
0314_jpg.rf.f8ddf542c45d8c5eb4cb49433fdad7dd.jpg,512,256,Fillings,234,101,248,145
0314_jpg.rf.f8ddf542c45d8c5eb4cb49433fdad7dd.jpg,512,256,Impacted Tooth,361,128,408,167
0131_jpg.rf.fafaf3d1cac953b29d24c8db4bba2ccc.jpg,512,256,Implant,329,79,351,128
0131_jpg.rf.fafaf3d1cac953b29d24c8db4bba2ccc.jpg,512,256,Implant,344,136,366,182
0131_jpg.rf.fafaf3d1cac953b29d24c8db4bba2ccc.jpg,512,256,Implant,191,68,208,123
0131_jpg.rf.fafaf3d1cac953b29d24c8db4bba2ccc.jpg,512,256,Fillings,349,86,373,132
0131_jpg.rf.fafaf3d1cac953b29d24c8db4bba2ccc.jpg,512,256,Fillings,207,70,221,124
0694_jpg.rf.ece0173d26fc4f53daa4079e961d47c6.jpg,512,256,Fillings,195,115,212,156
0694_jpg.rf.ece0173d26fc4f53daa4079e961d47c6.jpg,512,256,Fillings,126,134,164,172
0694_jpg.rf.ece0173d26fc4f53daa4079e961d47c6.jpg,512,256,Impacted Tooth,374,128,402,163
0694_jpg.rf.ece0173d26fc4f53daa4079e961d47c6.jpg,512,256,Fillings,138,94,174,134
0694_jpg.rf.ece0173d26fc4f53daa4079e961d47c6.jpg,512,256,Fillings,343,96,371,136
0709_jpg.rf.f387d58145c8d346494982265c498f2a.jpg,512,256,Implant,223,179,235,211
0709_jpg.rf.f387d58145c8d346494982265c498f2a.jpg,512,256,Fillings,308,129,332,166
0709_jpg.rf.f387d58145c8d346494982265c498f2a.jpg,512,256,Fillings,328,122,350,165
0709_jpg.rf.f387d58145c8d346494982265c498f2a.jpg,512,256,Fillings,171,124,194,168
0709_jpg.rf.f387d58145c8d346494982265c498f2a.jpg,512,256,Fillings,120,127,155,166
0709_jpg.rf.f387d58145c8d346494982265c498f2a.jpg,512,256,Fillings,146,122,181,166
0709_jpg.rf.f387d58145c8d346494982265c498f2a.jpg,512,256,Implant,272,174,286,205
0530_jpg.rf.dea7b48da1c740733ff177a9d218c4fc.jpg,512,256,Fillings,335,105,360,141
0530_jpg.rf.dea7b48da1c740733ff177a9d218c4fc.jpg,512,256,Fillings,317,108,338,146
0530_jpg.rf.dea7b48da1c740733ff177a9d218c4fc.jpg,512,256,Fillings,152,103,171,142
0530_jpg.rf.dea7b48da1c740733ff177a9d218c4fc.jpg,512,256,Fillings,131,140,168,183
0530_jpg.rf.dea7b48da1c740733ff177a9d218c4fc.jpg,512,256,Fillings,161,147,193,190
0530_jpg.rf.dea7b48da1c740733ff177a9d218c4fc.jpg,512,256,Fillings,315,145,351,189
0530_jpg.rf.dea7b48da1c740733ff177a9d218c4fc.jpg,512,256,Fillings,342,138,380,182
0530_jpg.rf.dea7b48da1c740733ff177a9d218c4fc.jpg,512,256,Fillings,171,108,191,145
0527_jpg.rf.e5280af5d90c9934812f3b748fef1843.jpg,512,256,Implant,165,153,192,190
0527_jpg.rf.e5280af5d90c9934812f3b748fef1843.jpg,512,256,Fillings,321,93,336,148
0527_jpg.rf.e5280af5d90c9934812f3b748fef1843.jpg,512,256,Fillings,304,98,322,146
0527_jpg.rf.e5280af5d90c9934812f3b748fef1843.jpg,512,256,Fillings,159,99,183,144
0527_jpg.rf.e5280af5d90c9934812f3b748fef1843.jpg,512,256,Fillings,181,94,200,148
0527_jpg.rf.e5280af5d90c9934812f3b748fef1843.jpg,512,256,Fillings,197,92,212,146
0527_jpg.rf.e5280af5d90c9934812f3b748fef1843.jpg,512,256,Fillings,193,151,211,200
0297_jpg.rf.e50e81d8f74e22fdde118ca9d52e0627.jpg,512,256,Fillings,309,164,329,214
0759_jpg.rf.e2bebe26c061f46f9f44e213cb5b4814.jpg,512,256,Cavity,171,122,196,172
0759_jpg.rf.e2bebe26c061f46f9f44e213cb5b4814.jpg,512,256,Cavity,325,121,351,174
0176_jpg.rf.dfbe8b6c563991f125b31eb9e5b625d2.jpg,512,256,Implant,183,150,208,205
0191_jpg.rf.e81d9cab3cb6c64ad1b086045f7072ce.jpg,512,256,Fillings,190,141,221,187
0191_jpg.rf.e81d9cab3cb6c64ad1b086045f7072ce.jpg,512,256,Fillings,172,93,200,128
0191_jpg.rf.e81d9cab3cb6c64ad1b086045f7072ce.jpg,512,256,Fillings,191,95,214,135
0191_jpg.rf.e81d9cab3cb6c64ad1b086045f7072ce.jpg,512,256,Fillings,307,142,339,185
0191_jpg.rf.e81d9cab3cb6c64ad1b086045f7072ce.jpg,512,256,Fillings,314,93,333,134
0191_jpg.rf.e81d9cab3cb6c64ad1b086045f7072ce.jpg,512,256,Fillings,325,138,351,175
0442_jpg.rf.fe0d321bfc5e4b546a95811087a2c7d6.jpg,512,256,Impacted Tooth,404,139,446,174
0174_jpg.rf.ee4210bb5799f6fb0f645af4e46d1a84.jpg,512,256,Fillings,176,126,200,193
0174_jpg.rf.ee4210bb5799f6fb0f645af4e46d1a84.jpg,512,256,Fillings,357,63,392,115
0174_jpg.rf.ee4210bb5799f6fb0f645af4e46d1a84.jpg,512,256,Implant,314,53,333,111
0174_jpg.rf.ee4210bb5799f6fb0f645af4e46d1a84.jpg,512,256,Implant,296,55,315,115
0174_jpg.rf.ee4210bb5799f6fb0f645af4e46d1a84.jpg,512,256,Fillings,119,55,145,120
0174_jpg.rf.ee4210bb5799f6fb0f645af4e46d1a84.jpg,512,256,Fillings,144,53,173,120
0414_jpg.rf.ded899daadcc1b8415622edb65bdcb8d.jpg,512,256,Fillings,152,142,185,193
0414_jpg.rf.ded899daadcc1b8415622edb65bdcb8d.jpg,512,256,Implant,225,85,242,133
0414_jpg.rf.ded899daadcc1b8415622edb65bdcb8d.jpg,512,256,Fillings,317,104,348,147
0414_jpg.rf.ded899daadcc1b8415622edb65bdcb8d.jpg,512,256,Fillings,342,110,369,151
0279_jpg.rf.f9fc5ccc0b96b00196e66140fb678fda.jpg,512,256,Cavity,338,105,372,171
0279_jpg.rf.f9fc5ccc0b96b00196e66140fb678fda.jpg,512,256,Impacted Tooth,394,108,429,157
0124_jpg.rf.ece9ebf3c8fe851458a4d443ce47555f.jpg,512,256,Impacted Tooth,81,136,128,178
0124_jpg.rf.ece9ebf3c8fe851458a4d443ce47555f.jpg,512,256,Impacted Tooth,383,143,424,180
0124_jpg.rf.ece9ebf3c8fe851458a4d443ce47555f.jpg,512,256,Fillings,128,136,162,186
0387_jpg.rf.fc8a11959313fc1aa5200e7032446cfb.jpg,512,256,Fillings,311,80,328,137
0387_jpg.rf.fc8a11959313fc1aa5200e7032446cfb.jpg,512,256,Fillings,196,73,214,129
0387_jpg.rf.fc8a11959313fc1aa5200e7032446cfb.jpg,512,256,Fillings,214,74,227,130
0443_jpg.rf.0b1b776dadf6a82c025efe47eb2e6d4d.jpg,512,256,Implant,187,112,206,157
0443_jpg.rf.0b1b776dadf6a82c025efe47eb2e6d4d.jpg,512,256,Implant,309,110,326,158
0443_jpg.rf.0b1b776dadf6a82c025efe47eb2e6d4d.jpg,512,256,Implant,316,164,338,207
0443_jpg.rf.0b1b776dadf6a82c025efe47eb2e6d4d.jpg,512,256,Implant,297,165,315,211
0443_jpg.rf.0b1b776dadf6a82c025efe47eb2e6d4d.jpg,512,256,Implant,223,165,239,225
0443_jpg.rf.0b1b776dadf6a82c025efe47eb2e6d4d.jpg,512,256,Implant,193,161,212,202
0443_jpg.rf.0b1b776dadf6a82c025efe47eb2e6d4d.jpg,512,256,Implant,209,162,223,202
0443_jpg.rf.0b1b776dadf6a82c025efe47eb2e6d4d.jpg,512,256,Implant,327,111,347,157
0443_jpg.rf.0b1b776dadf6a82c025efe47eb2e6d4d.jpg,512,256,Fillings,295,122,309,159
0443_jpg.rf.0b1b776dadf6a82c025efe47eb2e6d4d.jpg,512,256,Implant,216,107,229,158
0443_jpg.rf.0b1b776dadf6a82c025efe47eb2e6d4d.jpg,512,256,Fillings,206,122,218,158
0551_jpg.rf.08e0df22bcccab3fbaa146a632b8f04c.jpg,512,256,Fillings,187,104,204,150
0922_jpg.rf.00711e3f9caf9ea81e2a0aeb94d54ced.jpg,512,256,Implant,167,141,194,205
0922_jpg.rf.00711e3f9caf9ea81e2a0aeb94d54ced.jpg,512,256,Fillings,132,131,179,201
0922_jpg.rf.00711e3f9caf9ea81e2a0aeb94d54ced.jpg,512,256,Implant,192,143,212,203
0624_jpg.rf.0ace2f1bc57e59ef2c1374d51cd5513e.jpg,512,256,Impacted Tooth,325,122,374,162
0624_jpg.rf.0ace2f1bc57e59ef2c1374d51cd5513e.jpg,512,256,Cavity,326,122,375,162
0624_jpg.rf.0ace2f1bc57e59ef2c1374d51cd5513e.jpg,512,256,Fillings,164,125,192,172
0624_jpg.rf.0ace2f1bc57e59ef2c1374d51cd5513e.jpg,512,256,Fillings,295,133,313,183
0624_jpg.rf.0ace2f1bc57e59ef2c1374d51cd5513e.jpg,512,256,Fillings,279,131,296,182
0624_jpg.rf.0ace2f1bc57e59ef2c1374d51cd5513e.jpg,512,256,Fillings,191,129,208,176
0624_jpg.rf.0ace2f1bc57e59ef2c1374d51cd5513e.jpg,512,256,Fillings,207,132,220,178
0073_jpg.rf.0a3fc448611ebb614d068de0e7bf25a6.jpg,512,256,Implant,114,114,158,172
0073_jpg.rf.0a3fc448611ebb614d068de0e7bf25a6.jpg,512,256,Cavity,95,108,132,146
0073_jpg.rf.0a3fc448611ebb614d068de0e7bf25a6.jpg,512,256,Implant,145,53,167,113
0073_jpg.rf.0a3fc448611ebb614d068de0e7bf25a6.jpg,512,256,Implant,167,50,183,116
0322_jpg.rf.0937ebc1693073b26e14f900045ae0e9.jpg,512,256,Implant,241,107,257,169
0322_jpg.rf.0937ebc1693073b26e14f900045ae0e9.jpg,512,256,Fillings,151,159,189,207
0322_jpg.rf.0937ebc1693073b26e14f900045ae0e9.jpg,512,256,Fillings,321,157,362,202
0322_jpg.rf.0937ebc1693073b26e14f900045ae0e9.jpg,512,256,Fillings,158,108,181,153
0322_jpg.rf.0937ebc1693073b26e14f900045ae0e9.jpg,512,256,Fillings,306,107,329,153
0322_jpg.rf.0937ebc1693073b26e14f900045ae0e9.jpg,512,256,Fillings,328,106,347,149
0322_jpg.rf.0937ebc1693073b26e14f900045ae0e9.jpg,512,256,Fillings,346,101,368,140
0322_jpg.rf.0937ebc1693073b26e14f900045ae0e9.jpg,512,256,Fillings,181,164,204,210
0366_jpg.rf.0eb606917baa0db4549b441970be2abc.jpg,512,256,Impacted Tooth,115,140,147,172
0366_jpg.rf.0eb606917baa0db4549b441970be2abc.jpg,512,256,Impacted Tooth,377,139,412,176
0488_jpg.rf.15add08e164a3db5a0f1e09f8d09d172.jpg,512,256,Implant,334,106,355,150
0488_jpg.rf.15add08e164a3db5a0f1e09f8d09d172.jpg,512,256,Fillings,324,152,356,196
0488_jpg.rf.15add08e164a3db5a0f1e09f8d09d172.jpg,512,256,Fillings,312,110,334,151
0488_jpg.rf.15add08e164a3db5a0f1e09f8d09d172.jpg,512,256,Implant,302,154,335,199
0488_jpg.rf.15add08e164a3db5a0f1e09f8d09d172.jpg,512,256,Fillings,209,151,221,193
0488_jpg.rf.15add08e164a3db5a0f1e09f8d09d172.jpg,512,256,Fillings,159,149,196,192
0488_jpg.rf.15add08e164a3db5a0f1e09f8d09d172.jpg,512,256,Fillings,225,104,244,143
0488_jpg.rf.15add08e164a3db5a0f1e09f8d09d172.jpg,512,256,Fillings,164,102,185,145
0488_jpg.rf.15add08e164a3db5a0f1e09f8d09d172.jpg,512,256,Fillings,188,104,206,146
0488_jpg.rf.15add08e164a3db5a0f1e09f8d09d172.jpg,512,256,Fillings,195,151,208,190
0488_jpg.rf.15add08e164a3db5a0f1e09f8d09d172.jpg,512,256,Fillings,207,104,222,146
0488_jpg.rf.15add08e164a3db5a0f1e09f8d09d172.jpg,512,256,Fillings,292,152,305,203
0488_jpg.rf.15add08e164a3db5a0f1e09f8d09d172.jpg,512,256,Fillings,141,145,174,179
0488_jpg.rf.15add08e164a3db5a0f1e09f8d09d172.jpg,512,256,Fillings,281,153,298,205
0447_jpg.rf.0f4573e2ec4ac41dde484c6b0ea1d31d.jpg,512,256,Impacted Tooth,365,142,392,175
0447_jpg.rf.0f4573e2ec4ac41dde484c6b0ea1d31d.jpg,512,256,Impacted Tooth,134,139,156,170
0612_jpg.rf.192ffc4bf48587131a03bbda795f093e.jpg,512,256,Implant,155,143,193,195
0612_jpg.rf.192ffc4bf48587131a03bbda795f093e.jpg,512,256,Implant,317,141,356,192
0612_jpg.rf.192ffc4bf48587131a03bbda795f093e.jpg,512,256,Fillings,333,93,357,135
0612_jpg.rf.192ffc4bf48587131a03bbda795f093e.jpg,512,256,Fillings,316,93,338,137
0612_jpg.rf.192ffc4bf48587131a03bbda795f093e.jpg,512,256,Implant,132,81,156,132
0612_jpg.rf.192ffc4bf48587131a03bbda795f093e.jpg,512,256,Fillings,155,92,178,135
0612_jpg.rf.192ffc4bf48587131a03bbda795f093e.jpg,512,256,Fillings,179,87,198,138
0612_jpg.rf.192ffc4bf48587131a03bbda795f093e.jpg,512,256,Fillings,346,138,383,186
0111_jpg.rf.191a24265bb5b8fbce3ba012a675cf80.jpg,512,256,Fillings,172,67,190,127
0111_jpg.rf.191a24265bb5b8fbce3ba012a675cf80.jpg,512,256,Fillings,149,70,173,126
0111_jpg.rf.191a24265bb5b8fbce3ba012a675cf80.jpg,512,256,Fillings,150,129,177,184
0111_jpg.rf.191a24265bb5b8fbce3ba012a675cf80.jpg,512,256,Fillings,126,67,150,123
0111_jpg.rf.191a24265bb5b8fbce3ba012a675cf80.jpg,512,256,Fillings,122,125,151,181
0111_jpg.rf.191a24265bb5b8fbce3ba012a675cf80.jpg,512,256,Fillings,369,65,392,114
0111_jpg.rf.191a24265bb5b8fbce3ba012a675cf80.jpg,512,256,Fillings,367,117,403,171
0111_jpg.rf.191a24265bb5b8fbce3ba012a675cf80.jpg,512,256,Fillings,339,123,367,177
0111_jpg.rf.191a24265bb5b8fbce3ba012a675cf80.jpg,512,256,Impacted Tooth,93,131,124,168
0470_jpg.rf.0a8b72d0887e6c7ba3839d8998f7b677.jpg,512,256,Implant,137,66,166,124
0470_jpg.rf.0a8b72d0887e6c7ba3839d8998f7b677.jpg,512,256,Cavity,147,138,178,183
0470_jpg.rf.0a8b72d0887e6c7ba3839d8998f7b677.jpg,512,256,Cavity,330,123,365,177
0172_jpg.rf.2152aa724cee028fbe937c8d283f0569.jpg,512,256,Implant,135,165,171,202
0172_jpg.rf.2152aa724cee028fbe937c8d283f0569.jpg,512,256,Implant,317,163,335,205
0172_jpg.rf.2152aa724cee028fbe937c8d283f0569.jpg,512,256,Fillings,217,109,235,152
0172_jpg.rf.2152aa724cee028fbe937c8d283f0569.jpg,512,256,Fillings,234,110,251,150
0172_jpg.rf.2152aa724cee028fbe937c8d283f0569.jpg,512,256,Fillings,251,109,268,151
0172_jpg.rf.2152aa724cee028fbe937c8d283f0569.jpg,512,256,Fillings,270,120,283,151
0172_jpg.rf.2152aa724cee028fbe937c8d283f0569.jpg,512,256,Implant,309,105,325,154
0172_jpg.rf.2152aa724cee028fbe937c8d283f0569.jpg,512,256,Implant,334,116,360,153
0172_jpg.rf.2152aa724cee028fbe937c8d283f0569.jpg,512,256,Fillings,357,112,380,152
0172_jpg.rf.2152aa724cee028fbe937c8d283f0569.jpg,512,256,Fillings,129,117,149,157
0172_jpg.rf.2152aa724cee028fbe937c8d283f0569.jpg,512,256,Fillings,147,117,171,159
0172_jpg.rf.2152aa724cee028fbe937c8d283f0569.jpg,512,256,Fillings,178,164,191,202
0172_jpg.rf.2152aa724cee028fbe937c8d283f0569.jpg,512,256,Fillings,334,160,372,197
0897_jpg.rf.22b238dcd924aa968ceb27dd30ed456e.jpg,512,256,Implant,336,122,374,185
0897_jpg.rf.22b238dcd924aa968ceb27dd30ed456e.jpg,512,256,Fillings,314,123,337,186
0897_jpg.rf.22b238dcd924aa968ceb27dd30ed456e.jpg,512,256,Implant,147,116,183,181
0897_jpg.rf.22b238dcd924aa968ceb27dd30ed456e.jpg,512,256,Fillings,174,120,197,182
0897_jpg.rf.22b238dcd924aa968ceb27dd30ed456e.jpg,512,256,Cavity,348,58,376,112
0985_jpg.rf.2031b8f3a0c8c59ce626d7cc1a73c69e.jpg,512,256,Fillings,125,145,155,194
0985_jpg.rf.2031b8f3a0c8c59ce626d7cc1a73c69e.jpg,512,256,Fillings,171,93,193,142
0985_jpg.rf.2031b8f3a0c8c59ce626d7cc1a73c69e.jpg,512,256,Fillings,182,137,202,182
0985_jpg.rf.2031b8f3a0c8c59ce626d7cc1a73c69e.jpg,512,256,Fillings,199,138,220,190
0985_jpg.rf.2031b8f3a0c8c59ce626d7cc1a73c69e.jpg,512,256,Fillings,371,109,393,153
0985_jpg.rf.2031b8f3a0c8c59ce626d7cc1a73c69e.jpg,512,256,Fillings,123,98,148,143
0985_jpg.rf.2031b8f3a0c8c59ce626d7cc1a73c69e.jpg,512,256,Cavity,153,148,169,188
0985_jpg.rf.2031b8f3a0c8c59ce626d7cc1a73c69e.jpg,512,256,Cavity,170,149,180,185
0835_jpg.rf.1c4c9ebcfee3d197b9e06fe7ad79713b.jpg,512,256,Fillings,339,107,362,146
0835_jpg.rf.1c4c9ebcfee3d197b9e06fe7ad79713b.jpg,512,256,Fillings,285,143,305,197
0835_jpg.rf.1c4c9ebcfee3d197b9e06fe7ad79713b.jpg,512,256,Fillings,194,132,220,183
0835_jpg.rf.1c4c9ebcfee3d197b9e06fe7ad79713b.jpg,512,256,Implant,158,127,196,175
0835_jpg.rf.1c4c9ebcfee3d197b9e06fe7ad79713b.jpg,512,256,Fillings,178,166,181,168
0606_jpg.rf.2561e7f44e0cf5ddf7021ba70c258f84.jpg,512,256,Implant,295,145,318,192
0606_jpg.rf.2561e7f44e0cf5ddf7021ba70c258f84.jpg,512,256,Implant,318,147,342,196
0606_jpg.rf.2561e7f44e0cf5ddf7021ba70c258f84.jpg,512,256,Implant,343,147,369,193
0606_jpg.rf.2561e7f44e0cf5ddf7021ba70c258f84.jpg,512,256,Implant,342,103,366,147
0606_jpg.rf.2561e7f44e0cf5ddf7021ba70c258f84.jpg,512,256,Implant,321,102,342,146
0606_jpg.rf.2561e7f44e0cf5ddf7021ba70c258f84.jpg,512,256,Fillings,176,98,188,142
0606_jpg.rf.2561e7f44e0cf5ddf7021ba70c258f84.jpg,512,256,Fillings,187,102,203,143
0606_jpg.rf.2561e7f44e0cf5ddf7021ba70c258f84.jpg,512,256,Fillings,195,144,209,178
0606_jpg.rf.2561e7f44e0cf5ddf7021ba70c258f84.jpg,512,256,Implant,176,143,195,188
0606_jpg.rf.2561e7f44e0cf5ddf7021ba70c258f84.jpg,512,256,Implant,137,88,157,142
0606_jpg.rf.2561e7f44e0cf5ddf7021ba70c258f84.jpg,512,256,Implant,158,92,174,142
0606_jpg.rf.2561e7f44e0cf5ddf7021ba70c258f84.jpg,512,256,Fillings,295,97,310,142
0606_jpg.rf.2561e7f44e0cf5ddf7021ba70c258f84.jpg,512,256,Fillings,310,94,320,142
0969_jpg.rf.11910e381dc7cbb7b03b4f412adbc929.jpg,512,256,Fillings,347,117,366,155
0969_jpg.rf.11910e381dc7cbb7b03b4f412adbc929.jpg,512,256,Fillings,349,154,380,192
0969_jpg.rf.11910e381dc7cbb7b03b4f412adbc929.jpg,512,256,Implant,264,125,279,167
0969_jpg.rf.11910e381dc7cbb7b03b4f412adbc929.jpg,512,256,Implant,166,157,197,198
0969_jpg.rf.11910e381dc7cbb7b03b4f412adbc929.jpg,512,256,Fillings,147,115,169,153
0969_jpg.rf.11910e381dc7cbb7b03b4f412adbc929.jpg,512,256,Fillings,137,152,171,190
0969_jpg.rf.11910e381dc7cbb7b03b4f412adbc929.jpg,512,256,Fillings,169,116,192,156
0969_jpg.rf.11910e381dc7cbb7b03b4f412adbc929.jpg,512,256,Fillings,304,124,318,164
0969_jpg.rf.11910e381dc7cbb7b03b4f412adbc929.jpg,512,256,Fillings,235,127,249,164
0969_jpg.rf.11910e381dc7cbb7b03b4f412adbc929.jpg,512,256,Implant,327,158,359,198
0969_jpg.rf.11910e381dc7cbb7b03b4f412adbc929.jpg,512,256,Implant,190,156,216,203
0969_jpg.rf.11910e381dc7cbb7b03b4f412adbc929.jpg,512,256,Fillings,331,115,349,158
0969_jpg.rf.11910e381dc7cbb7b03b4f412adbc929.jpg,512,256,Fillings,192,115,208,158
0969_jpg.rf.11910e381dc7cbb7b03b4f412adbc929.jpg,512,256,Implant,249,130,263,168
0969_jpg.rf.11910e381dc7cbb7b03b4f412adbc929.jpg,512,256,Fillings,318,144,332,160
0577_jpg.rf.1bcaac1e48244083bd30f322eb356771.jpg,512,256,Implant,157,110,184,157
0577_jpg.rf.1bcaac1e48244083bd30f322eb356771.jpg,512,256,Impacted Tooth,362,96,388,131
0930_jpg.rf.2c1bf7fb13e2a28af5e3daba0fcdf42f.jpg,512,256,Fillings,350,154,374,197
0930_jpg.rf.2c1bf7fb13e2a28af5e3daba0fcdf42f.jpg,512,256,Fillings,327,100,350,146
0930_jpg.rf.2c1bf7fb13e2a28af5e3daba0fcdf42f.jpg,512,256,Fillings,346,106,370,142
0100_jpg.rf.286d24ae12a47177627f504c5de8330d.jpg,512,256,Implant,149,130,177,186
0100_jpg.rf.286d24ae12a47177627f504c5de8330d.jpg,512,256,Fillings,117,121,158,175
0100_jpg.rf.286d24ae12a47177627f504c5de8330d.jpg,512,256,Fillings,366,114,400,169
0100_jpg.rf.286d24ae12a47177627f504c5de8330d.jpg,512,256,Implant,172,65,188,122
0100_jpg.rf.286d24ae12a47177627f504c5de8330d.jpg,512,256,Fillings,106,59,129,109
0100_jpg.rf.286d24ae12a47177627f504c5de8330d.jpg,512,256,Fillings,130,61,149,117
0100_jpg.rf.286d24ae12a47177627f504c5de8330d.jpg,512,256,Fillings,399,56,424,100
0100_jpg.rf.286d24ae12a47177627f504c5de8330d.jpg,512,256,Fillings,392,103,426,154
0670_jpg.rf.309929b1e0aef6e50568c7eacccfc5eb.jpg,512,256,Fillings,343,93,366,131
0670_jpg.rf.309929b1e0aef6e50568c7eacccfc5eb.jpg,512,256,Fillings,341,129,372,174
0670_jpg.rf.309929b1e0aef6e50568c7eacccfc5eb.jpg,512,256,Fillings,319,132,348,173
0670_jpg.rf.309929b1e0aef6e50568c7eacccfc5eb.jpg,512,256,Implant,166,128,197,176
0670_jpg.rf.309929b1e0aef6e50568c7eacccfc5eb.jpg,512,256,Implant,323,89,345,128
0670_jpg.rf.309929b1e0aef6e50568c7eacccfc5eb.jpg,512,256,Cavity,311,85,331,119
0441_jpg.rf.20ee3402a902dc1759a2a72bb25aa663.jpg,512,256,Fillings,127,135,172,179
0441_jpg.rf.20ee3402a902dc1759a2a72bb25aa663.jpg,512,256,Fillings,175,96,201,145
0441_jpg.rf.20ee3402a902dc1759a2a72bb25aa663.jpg,512,256,Fillings,348,134,384,176
0441_jpg.rf.20ee3402a902dc1759a2a72bb25aa663.jpg,512,256,Fillings,320,142,368,190
0441_jpg.rf.20ee3402a902dc1759a2a72bb25aa663.jpg,512,256,Fillings,333,87,360,134
0441_jpg.rf.20ee3402a902dc1759a2a72bb25aa663.jpg,512,256,Fillings,307,152,340,199
0441_jpg.rf.20ee3402a902dc1759a2a72bb25aa663.jpg,512,256,Implant,282,107,298,153
0441_jpg.rf.20ee3402a902dc1759a2a72bb25aa663.jpg,512,256,Fillings,178,152,210,200
0441_jpg.rf.20ee3402a902dc1759a2a72bb25aa663.jpg,512,256,Fillings,154,88,181,137
0441_jpg.rf.20ee3402a902dc1759a2a72bb25aa663.jpg,512,256,Fillings,314,91,337,140
0441_jpg.rf.20ee3402a902dc1759a2a72bb25aa663.jpg,512,256,Fillings,283,158,300,206
0621_jpg.rf.2d8fbcf1944416a87cf773614b7f7a4c.jpg,512,256,Fillings,160,83,186,130
0021_jpg.rf.0d2cd31b4786f6121d2241aa8c595bf9.jpg,512,256,Implant,330,125,364,178
0021_jpg.rf.0d2cd31b4786f6121d2241aa8c595bf9.jpg,512,256,Fillings,356,118,394,164
0021_jpg.rf.0d2cd31b4786f6121d2241aa8c595bf9.jpg,512,256,Fillings,114,124,151,172
0021_jpg.rf.0d2cd31b4786f6121d2241aa8c595bf9.jpg,512,256,Fillings,100,79,127,116
0021_jpg.rf.0d2cd31b4786f6121d2241aa8c595bf9.jpg,512,256,Fillings,126,70,148,118
0021_jpg.rf.0d2cd31b4786f6121d2241aa8c595bf9.jpg,512,256,Implant,340,66,363,115
0021_jpg.rf.0d2cd31b4786f6121d2241aa8c595bf9.jpg,512,256,Fillings,148,75,173,123
0658_jpg.rf.36d28be2eeeb712655bc0e7e29c5456c.jpg,512,256,Fillings,174,152,207,198
0658_jpg.rf.36d28be2eeeb712655bc0e7e29c5456c.jpg,512,256,Fillings,331,105,355,148
0035_jpg.rf.386d686c55e9347823a6e3e75af5152e.jpg,512,256,Implant,203,149,216,195
0035_jpg.rf.386d686c55e9347823a6e3e75af5152e.jpg,512,256,Implant,188,147,204,197
0035_jpg.rf.386d686c55e9347823a6e3e75af5152e.jpg,512,256,Implant,215,96,233,138
0035_jpg.rf.386d686c55e9347823a6e3e75af5152e.jpg,512,256,Fillings,327,100,352,145
0035_jpg.rf.386d686c55e9347823a6e3e75af5152e.jpg,512,256,Fillings,346,103,373,142
0035_jpg.rf.386d686c55e9347823a6e3e75af5152e.jpg,512,256,Fillings,357,137,392,177
0035_jpg.rf.386d686c55e9347823a6e3e75af5152e.jpg,512,256,Fillings,336,145,374,186
0035_jpg.rf.386d686c55e9347823a6e3e75af5152e.jpg,512,256,Fillings,308,146,326,194
0035_jpg.rf.386d686c55e9347823a6e3e75af5152e.jpg,512,256,Fillings,128,145,152,184
0035_jpg.rf.386d686c55e9347823a6e3e75af5152e.jpg,512,256,Fillings,144,150,173,193
0035_jpg.rf.386d686c55e9347823a6e3e75af5152e.jpg,512,256,Fillings,291,148,309,193
0035_jpg.rf.386d686c55e9347823a6e3e75af5152e.jpg,512,256,Fillings,189,101,207,140
0536_jpg.rf.3a7e13dd78ae4edccebbd4f97dc8271e.jpg,512,256,Fillings,347,110,367,159
0536_jpg.rf.3a7e13dd78ae4edccebbd4f97dc8271e.jpg,512,256,Fillings,324,113,347,160
0536_jpg.rf.3a7e13dd78ae4edccebbd4f97dc8271e.jpg,512,256,Fillings,186,157,204,203
0536_jpg.rf.3a7e13dd78ae4edccebbd4f97dc8271e.jpg,512,256,Fillings,306,159,325,199
0536_jpg.rf.3a7e13dd78ae4edccebbd4f97dc8271e.jpg,512,256,Impacted Tooth,96,143,144,174
0536_jpg.rf.3a7e13dd78ae4edccebbd4f97dc8271e.jpg,512,256,Cavity,226,110,238,152
0536_jpg.rf.3a7e13dd78ae4edccebbd4f97dc8271e.jpg,512,256,Fillings,253,109,271,158
0536_jpg.rf.3a7e13dd78ae4edccebbd4f97dc8271e.jpg,512,256,Fillings,272,111,286,157
0536_jpg.rf.3a7e13dd78ae4edccebbd4f97dc8271e.jpg,512,256,Fillings,367,101,386,149
0536_jpg.rf.3a7e13dd78ae4edccebbd4f97dc8271e.jpg,512,256,Cavity,303,109,319,159
0536_jpg.rf.3a7e13dd78ae4edccebbd4f97dc8271e.jpg,512,256,Fillings,303,109,319,159
0536_jpg.rf.3a7e13dd78ae4edccebbd4f97dc8271e.jpg,512,256,Fillings,236,108,252,159
0807_jpg.rf.32d1bea8b77d054ceb8f1a96b7b4c7e7.jpg,512,256,Impacted Tooth,342,147,381,178
0807_jpg.rf.32d1bea8b77d054ceb8f1a96b7b4c7e7.jpg,512,256,Impacted Tooth,153,99,175,134
0886_jpg.rf.392b31859a90f6265fe9ae541485d7d5.jpg,512,256,Implant,372,47,398,116
0886_jpg.rf.392b31859a90f6265fe9ae541485d7d5.jpg,512,256,Implant,128,52,160,115
0886_jpg.rf.392b31859a90f6265fe9ae541485d7d5.jpg,512,256,Fillings,349,60,374,122
0977_jpg.rf.48b8ddb9c4a4b08d81b58d6241cbf83d.jpg,512,256,Fillings,157,90,179,142
0977_jpg.rf.48b8ddb9c4a4b08d81b58d6241cbf83d.jpg,512,256,Fillings,179,93,200,145
0977_jpg.rf.48b8ddb9c4a4b08d81b58d6241cbf83d.jpg,512,256,Fillings,198,88,211,140
0977_jpg.rf.48b8ddb9c4a4b08d81b58d6241cbf83d.jpg,512,256,Fillings,211,92,227,137
0977_jpg.rf.48b8ddb9c4a4b08d81b58d6241cbf83d.jpg,512,256,Fillings,325,95,344,144
0977_jpg.rf.48b8ddb9c4a4b08d81b58d6241cbf83d.jpg,512,256,Fillings,310,87,325,142
0977_jpg.rf.48b8ddb9c4a4b08d81b58d6241cbf83d.jpg,512,256,Fillings,345,98,366,143
0977_jpg.rf.48b8ddb9c4a4b08d81b58d6241cbf83d.jpg,512,256,Fillings,356,101,386,139
0977_jpg.rf.48b8ddb9c4a4b08d81b58d6241cbf83d.jpg,512,256,Fillings,193,152,211,204
0977_jpg.rf.48b8ddb9c4a4b08d81b58d6241cbf83d.jpg,512,256,Fillings,283,84,303,141
0977_jpg.rf.48b8ddb9c4a4b08d81b58d6241cbf83d.jpg,512,256,Fillings,249,86,266,135
0977_jpg.rf.48b8ddb9c4a4b08d81b58d6241cbf83d.jpg,512,256,Fillings,290,150,307,200
0041_jpg.rf.45bc3049f99113cefd018e407df2415f.jpg,512,256,Impacted Tooth,100,147,140,174
0078_jpg.rf.3df5e76aaf3853ffeb55283ed9666c1e.jpg,512,256,Cavity,154,138,190,163
0648_jpg.rf.4b6118376b8f3800ebf03dbb351878df.jpg,512,256,Fillings,162,142,199,194
0723_jpg.rf.5253a6ca976c20b30e1f22dba018ed78.jpg,512,256,Fillings,127,94,153,143
0723_jpg.rf.5253a6ca976c20b30e1f22dba018ed78.jpg,512,256,Fillings,152,101,180,146
0723_jpg.rf.5253a6ca976c20b30e1f22dba018ed78.jpg,512,256,Fillings,120,146,157,188
0723_jpg.rf.5253a6ca976c20b30e1f22dba018ed78.jpg,512,256,Fillings,324,147,355,194
0723_jpg.rf.5253a6ca976c20b30e1f22dba018ed78.jpg,512,256,Implant,352,145,384,192
0723_jpg.rf.5253a6ca976c20b30e1f22dba018ed78.jpg,512,256,Fillings,354,102,381,144
0723_jpg.rf.5253a6ca976c20b30e1f22dba018ed78.jpg,512,256,Fillings,328,100,355,145
0723_jpg.rf.5253a6ca976c20b30e1f22dba018ed78.jpg,512,256,Fillings,144,151,183,195
0723_jpg.rf.5253a6ca976c20b30e1f22dba018ed78.jpg,512,256,Fillings,181,151,198,197
0723_jpg.rf.5253a6ca976c20b30e1f22dba018ed78.jpg,512,256,Fillings,307,149,325,194
0629_jpg.rf.2f5a6732631d74f4f203bbf8eaaab7d3.jpg,512,256,Cavity,332,134,376,171
0997_jpg.rf.0b8eb321c8d305e59a0fee63c5d88097.jpg,512,256,Fillings,140,95,161,140
0997_jpg.rf.0b8eb321c8d305e59a0fee63c5d88097.jpg,512,256,Implant,339,94,360,128
0997_jpg.rf.0b8eb321c8d305e59a0fee63c5d88097.jpg,512,256,Fillings,160,104,181,149
0997_jpg.rf.0b8eb321c8d305e59a0fee63c5d88097.jpg,512,256,Fillings,181,100,197,152
0997_jpg.rf.0b8eb321c8d305e59a0fee63c5d88097.jpg,512,256,Impacted Tooth,334,129,380,163
0997_jpg.rf.0b8eb321c8d305e59a0fee63c5d88097.jpg,512,256,Cavity,339,94,361,128
0537_jpg.rf.40fc8d3304437984c897ac11f4912211.jpg,512,256,Fillings,172,110,196,141
0537_jpg.rf.40fc8d3304437984c897ac11f4912211.jpg,512,256,Fillings,309,109,329,142
0537_jpg.rf.40fc8d3304437984c897ac11f4912211.jpg,512,256,Fillings,197,107,212,141
0537_jpg.rf.40fc8d3304437984c897ac11f4912211.jpg,512,256,Fillings,211,106,225,141
0537_jpg.rf.40fc8d3304437984c897ac11f4912211.jpg,512,256,Fillings,349,99,374,145
0797_jpg.rf.44a4504b8585b16309f3f54bba75fef8.jpg,512,256,Implant,351,144,395,181
0797_jpg.rf.44a4504b8585b16309f3f54bba75fef8.jpg,512,256,Implant,331,148,360,193
0797_jpg.rf.44a4504b8585b16309f3f54bba75fef8.jpg,512,256,Implant,168,102,191,143
0797_jpg.rf.44a4504b8585b16309f3f54bba75fef8.jpg,512,256,Fillings,108,135,154,178
0797_jpg.rf.44a4504b8585b16309f3f54bba75fef8.jpg,512,256,Fillings,206,114,221,137
0797_jpg.rf.44a4504b8585b16309f3f54bba75fef8.jpg,512,256,Implant,294,147,319,194
0797_jpg.rf.44a4504b8585b16309f3f54bba75fef8.jpg,512,256,Fillings,158,145,186,205
0797_jpg.rf.44a4504b8585b16309f3f54bba75fef8.jpg,512,256,Fillings,221,115,245,139
0797_jpg.rf.44a4504b8585b16309f3f54bba75fef8.jpg,512,256,Fillings,185,98,207,139
0797_jpg.rf.44a4504b8585b16309f3f54bba75fef8.jpg,512,256,Fillings,151,143,166,161
0797_jpg.rf.44a4504b8585b16309f3f54bba75fef8.jpg,512,256,Fillings,317,151,333,173
0978_jpg.rf.479273fee3c46097ac68e710e26cf4b1.jpg,512,256,Implant,340,149,379,189
0978_jpg.rf.479273fee3c46097ac68e710e26cf4b1.jpg,512,256,Fillings,140,150,172,184
0978_jpg.rf.479273fee3c46097ac68e710e26cf4b1.jpg,512,256,Implant,182,112,203,155
0978_jpg.rf.479273fee3c46097ac68e710e26cf4b1.jpg,512,256,Fillings,157,157,197,202
0978_jpg.rf.479273fee3c46097ac68e710e26cf4b1.jpg,512,256,Fillings,201,126,217,160
0978_jpg.rf.479273fee3c46097ac68e710e26cf4b1.jpg,512,256,Fillings,216,128,232,164
0978_jpg.rf.479273fee3c46097ac68e710e26cf4b1.jpg,512,256,Fillings,315,157,359,201
0978_jpg.rf.479273fee3c46097ac68e710e26cf4b1.jpg,512,256,Implant,292,167,308,215
0978_jpg.rf.479273fee3c46097ac68e710e26cf4b1.jpg,512,256,Fillings,316,119,338,158
0978_jpg.rf.479273fee3c46097ac68e710e26cf4b1.jpg,512,256,Fillings,304,116,317,158
0978_jpg.rf.479273fee3c46097ac68e710e26cf4b1.jpg,512,256,Fillings,304,167,336,203
0583_jpg.rf.4abd49cdba147a8819d61f27d68cad37.jpg,512,256,Fillings,351,96,374,139
0583_jpg.rf.4abd49cdba147a8819d61f27d68cad37.jpg,512,256,Implant,327,96,352,136
0583_jpg.rf.4abd49cdba147a8819d61f27d68cad37.jpg,512,256,Implant,317,89,329,122
0583_jpg.rf.4abd49cdba147a8819d61f27d68cad37.jpg,512,256,Fillings,151,91,173,139
0583_jpg.rf.4abd49cdba147a8819d61f27d68cad37.jpg,512,256,Fillings,172,115,195,137
0583_jpg.rf.4abd49cdba147a8819d61f27d68cad37.jpg,512,256,Fillings,193,93,210,136
0583_jpg.rf.4abd49cdba147a8819d61f27d68cad37.jpg,512,256,Fillings,313,143,343,189
0583_jpg.rf.4abd49cdba147a8819d61f27d68cad37.jpg,512,256,Fillings,341,144,367,187
0583_jpg.rf.4abd49cdba147a8819d61f27d68cad37.jpg,512,256,Fillings,180,147,203,196
0583_jpg.rf.4abd49cdba147a8819d61f27d68cad37.jpg,512,256,Fillings,203,145,219,194
0583_jpg.rf.4abd49cdba147a8819d61f27d68cad37.jpg,512,256,Implant,292,100,316,137
0583_jpg.rf.4abd49cdba147a8819d61f27d68cad37.jpg,512,256,Fillings,288,143,304,194
0583_jpg.rf.4abd49cdba147a8819d61f27d68cad37.jpg,512,256,Fillings,220,146,233,183
0583_jpg.rf.4abd49cdba147a8819d61f27d68cad37.jpg,512,256,Implant,231,92,246,137
0583_jpg.rf.4abd49cdba147a8819d61f27d68cad37.jpg,512,256,Fillings,301,147,319,189
0583_jpg.rf.4abd49cdba147a8819d61f27d68cad37.jpg,512,256,Fillings,206,98,220,134
0583_jpg.rf.4abd49cdba147a8819d61f27d68cad37.jpg,512,256,Fillings,155,142,185,187
0583_jpg.rf.4abd49cdba147a8819d61f27d68cad37.jpg,512,256,Fillings,277,97,293,134
0938_jpg.rf.476b1ea283c5ccbbddaa023eb40a46d8.jpg,512,256,Impacted Tooth,372,140,406,169
0249_jpg.rf.5b54abe672fb6b47fa1399636d0d6aa0.jpg,512,256,Fillings,310,132,343,184
0249_jpg.rf.5b54abe672fb6b47fa1399636d0d6aa0.jpg,512,256,Fillings,158,84,181,131
0249_jpg.rf.5b54abe672fb6b47fa1399636d0d6aa0.jpg,512,256,Fillings,156,134,188,185
0249_jpg.rf.5b54abe672fb6b47fa1399636d0d6aa0.jpg,512,256,Fillings,300,81,314,131
0249_jpg.rf.5b54abe672fb6b47fa1399636d0d6aa0.jpg,512,256,Fillings,324,83,349,129
0249_jpg.rf.5b54abe672fb6b47fa1399636d0d6aa0.jpg,512,256,Fillings,127,133,164,183
0249_jpg.rf.5b54abe672fb6b47fa1399636d0d6aa0.jpg,512,256,Fillings,134,80,156,131
0249_jpg.rf.5b54abe672fb6b47fa1399636d0d6aa0.jpg,512,256,Fillings,127,134,163,183
0249_jpg.rf.5b54abe672fb6b47fa1399636d0d6aa0.jpg,512,256,Cavity,348,85,371,131
0749_jpg.rf.386ef981e0eaf4bb9d14783e626ce5f5.jpg,512,256,Fillings,331,109,358,158
0749_jpg.rf.386ef981e0eaf4bb9d14783e626ce5f5.jpg,512,256,Fillings,305,103,333,157
0749_jpg.rf.386ef981e0eaf4bb9d14783e626ce5f5.jpg,512,256,Fillings,154,113,178,158
0749_jpg.rf.386ef981e0eaf4bb9d14783e626ce5f5.jpg,512,256,Fillings,286,151,303,199
0749_jpg.rf.386ef981e0eaf4bb9d14783e626ce5f5.jpg,512,256,Fillings,211,153,228,202
0560_jpg.rf.5354b6254d7b3e123ce8c1a8c83b2560.jpg,512,256,Implant,167,107,182,139
0560_jpg.rf.5354b6254d7b3e123ce8c1a8c83b2560.jpg,512,256,Implant,169,96,196,127
0560_jpg.rf.5354b6254d7b3e123ce8c1a8c83b2560.jpg,512,256,Implant,211,89,224,123
0560_jpg.rf.5354b6254d7b3e123ce8c1a8c83b2560.jpg,512,256,Implant,287,93,304,131
0560_jpg.rf.5354b6254d7b3e123ce8c1a8c83b2560.jpg,512,256,Implant,308,91,324,130
0560_jpg.rf.5354b6254d7b3e123ce8c1a8c83b2560.jpg,512,256,Implant,323,91,337,134
0560_jpg.rf.5354b6254d7b3e123ce8c1a8c83b2560.jpg,512,256,Implant,338,99,354,142
0560_jpg.rf.5354b6254d7b3e123ce8c1a8c83b2560.jpg,512,256,Implant,226,101,238,125
0560_jpg.rf.5354b6254d7b3e123ce8c1a8c83b2560.jpg,512,256,Implant,258,100,272,140
0560_jpg.rf.5354b6254d7b3e123ce8c1a8c83b2560.jpg,512,256,Implant,239,99,260,141
0560_jpg.rf.5354b6254d7b3e123ce8c1a8c83b2560.jpg,512,256,Fillings,273,109,286,142
0631_jpg.rf.62a5da9cfbeaedfc576d2116d10f11b3.jpg,512,256,Fillings,163,109,191,148
0631_jpg.rf.62a5da9cfbeaedfc576d2116d10f11b3.jpg,512,256,Fillings,138,147,172,186
0631_jpg.rf.62a5da9cfbeaedfc576d2116d10f11b3.jpg,512,256,Fillings,318,114,345,150
0631_jpg.rf.62a5da9cfbeaedfc576d2116d10f11b3.jpg,512,256,Fillings,143,107,166,144
0631_jpg.rf.62a5da9cfbeaedfc576d2116d10f11b3.jpg,512,256,Fillings,344,110,366,150
0631_jpg.rf.62a5da9cfbeaedfc576d2116d10f11b3.jpg,512,256,Fillings,191,153,211,190
0631_jpg.rf.62a5da9cfbeaedfc576d2116d10f11b3.jpg,512,256,Fillings,188,106,207,146
0631_jpg.rf.62a5da9cfbeaedfc576d2116d10f11b3.jpg,512,256,Fillings,296,154,315,198
0631_jpg.rf.62a5da9cfbeaedfc576d2116d10f11b3.jpg,512,256,Fillings,211,151,226,186
0631_jpg.rf.62a5da9cfbeaedfc576d2116d10f11b3.jpg,512,256,Fillings,305,110,320,146
0680_jpg.rf.5596d1bc316cbf0d84897706ef97ed3e.jpg,512,256,Implant,231,70,246,124
0680_jpg.rf.5596d1bc316cbf0d84897706ef97ed3e.jpg,512,256,Fillings,316,84,331,127
0091_jpg.rf.63aed96fec3e4c67b25d53034ed4c12d.jpg,512,256,Fillings,291,102,308,148
0091_jpg.rf.63aed96fec3e4c67b25d53034ed4c12d.jpg,512,256,Fillings,215,100,232,146
0091_jpg.rf.63aed96fec3e4c67b25d53034ed4c12d.jpg,512,256,Fillings,211,155,228,192
0091_jpg.rf.63aed96fec3e4c67b25d53034ed4c12d.jpg,512,256,Fillings,231,105,246,147
0091_jpg.rf.63aed96fec3e4c67b25d53034ed4c12d.jpg,512,256,Fillings,227,157,242,195
0091_jpg.rf.63aed96fec3e4c67b25d53034ed4c12d.jpg,512,256,Fillings,240,158,253,192
0091_jpg.rf.63aed96fec3e4c67b25d53034ed4c12d.jpg,512,256,Fillings,252,158,262,193
0091_jpg.rf.63aed96fec3e4c67b25d53034ed4c12d.jpg,512,256,Fillings,262,161,273,195
0091_jpg.rf.63aed96fec3e4c67b25d53034ed4c12d.jpg,512,256,Fillings,272,160,282,194
0091_jpg.rf.63aed96fec3e4c67b25d53034ed4c12d.jpg,512,256,Fillings,282,160,295,202
0091_jpg.rf.63aed96fec3e4c67b25d53034ed4c12d.jpg,512,256,Fillings,294,160,310,196
0091_jpg.rf.63aed96fec3e4c67b25d53034ed4c12d.jpg,512,256,Fillings,277,111,291,147
0091_jpg.rf.63aed96fec3e4c67b25d53034ed4c12d.jpg,512,256,Fillings,262,112,277,149
0091_jpg.rf.63aed96fec3e4c67b25d53034ed4c12d.jpg,512,256,Fillings,246,110,261,147
0091_jpg.rf.63aed96fec3e4c67b25d53034ed4c12d.jpg,512,256,Fillings,324,151,354,191
0091_jpg.rf.63aed96fec3e4c67b25d53034ed4c12d.jpg,512,256,Fillings,133,139,173,185
0091_jpg.rf.63aed96fec3e4c67b25d53034ed4c12d.jpg,512,256,Fillings,163,150,198,194
0659_jpg.rf.59a1f87ff544c2c3a993523a46304364.jpg,512,256,Implant,163,158,183,206
0659_jpg.rf.59a1f87ff544c2c3a993523a46304364.jpg,512,256,Implant,181,157,197,206
0659_jpg.rf.59a1f87ff544c2c3a993523a46304364.jpg,512,256,Implant,199,160,214,208
0659_jpg.rf.59a1f87ff544c2c3a993523a46304364.jpg,512,256,Implant,311,155,343,194
0659_jpg.rf.59a1f87ff544c2c3a993523a46304364.jpg,512,256,Fillings,230,105,243,145
0659_jpg.rf.59a1f87ff544c2c3a993523a46304364.jpg,512,256,Fillings,243,125,254,144
0659_jpg.rf.59a1f87ff544c2c3a993523a46304364.jpg,512,256,Fillings,255,97,269,144
0659_jpg.rf.59a1f87ff544c2c3a993523a46304364.jpg,512,256,Fillings,174,108,195,153
0659_jpg.rf.59a1f87ff544c2c3a993523a46304364.jpg,512,256,Fillings,317,105,336,147
0659_jpg.rf.59a1f87ff544c2c3a993523a46304364.jpg,512,256,Fillings,338,107,356,146
0659_jpg.rf.59a1f87ff544c2c3a993523a46304364.jpg,512,256,Fillings,293,106,307,147
0659_jpg.rf.59a1f87ff544c2c3a993523a46304364.jpg,512,256,Fillings,214,157,227,200
0659_jpg.rf.59a1f87ff544c2c3a993523a46304364.jpg,512,256,Cavity,195,113,207,145
0644_jpg.rf.634879d5c40fdbce5662da0e74f2e326.jpg,512,256,Fillings,328,140,359,183
0644_jpg.rf.634879d5c40fdbce5662da0e74f2e326.jpg,512,256,Fillings,310,142,328,191
0644_jpg.rf.634879d5c40fdbce5662da0e74f2e326.jpg,512,256,Fillings,293,145,311,186
0272_jpg.rf.6d47c3a9a80a9fbbf873fe5edf10832f.jpg,512,256,Fillings,237,90,256,142
0557_jpg.rf.63f39d686ae70ebbfb708d959ce98d99.jpg,512,256,Fillings,207,105,225,152
0557_jpg.rf.63f39d686ae70ebbfb708d959ce98d99.jpg,512,256,Fillings,310,157,344,205
0557_jpg.rf.63f39d686ae70ebbfb708d959ce98d99.jpg,512,256,Fillings,158,150,188,193
0557_jpg.rf.63f39d686ae70ebbfb708d959ce98d99.jpg,512,256,Fillings,184,153,210,200
0557_jpg.rf.63f39d686ae70ebbfb708d959ce98d99.jpg,512,256,Fillings,297,156,315,206
0097_jpg.rf.639ea2f59bcc0c14cf5b0135df063229.jpg,512,256,Fillings,165,151,203,196
0097_jpg.rf.639ea2f59bcc0c14cf5b0135df063229.jpg,512,256,Fillings,306,156,336,203
0097_jpg.rf.639ea2f59bcc0c14cf5b0135df063229.jpg,512,256,Fillings,288,158,314,203
0097_jpg.rf.639ea2f59bcc0c14cf5b0135df063229.jpg,512,256,Fillings,329,104,356,148
0611_jpg.rf.68bc62a092eac6ac667d281ae35b388e.jpg,512,256,Implant,321,162,348,202
0611_jpg.rf.68bc62a092eac6ac667d281ae35b388e.jpg,512,256,Fillings,146,155,190,201
0611_jpg.rf.68bc62a092eac6ac667d281ae35b388e.jpg,512,256,Fillings,148,106,173,148
0611_jpg.rf.68bc62a092eac6ac667d281ae35b388e.jpg,512,256,Fillings,324,113,348,153
0611_jpg.rf.68bc62a092eac6ac667d281ae35b388e.jpg,512,256,Fillings,365,108,384,146
0611_jpg.rf.68bc62a092eac6ac667d281ae35b388e.jpg,512,256,Fillings,305,163,322,207
0611_jpg.rf.68bc62a092eac6ac667d281ae35b388e.jpg,512,256,Fillings,347,109,365,150
0611_jpg.rf.68bc62a092eac6ac667d281ae35b388e.jpg,512,256,Fillings,170,111,194,151
0834_jpg.rf.5fd767b97b8d161100ce894254e5783f.jpg,512,256,Fillings,372,54,399,110
0834_jpg.rf.5fd767b97b8d161100ce894254e5783f.jpg,512,256,Fillings,138,116,172,176
0834_jpg.rf.5fd767b97b8d161100ce894254e5783f.jpg,512,256,Fillings,168,117,190,176
0834_jpg.rf.5fd767b97b8d161100ce894254e5783f.jpg,512,256,Fillings,184,119,207,178
0834_jpg.rf.5fd767b97b8d161100ce894254e5783f.jpg,512,256,Fillings,168,54,191,110
0834_jpg.rf.5fd767b97b8d161100ce894254e5783f.jpg,512,256,Fillings,129,49,156,108
0834_jpg.rf.5fd767b97b8d161100ce894254e5783f.jpg,512,256,Fillings,303,50,324,110
0834_jpg.rf.5fd767b97b8d161100ce894254e5783f.jpg,512,256,Fillings,343,54,373,108
0834_jpg.rf.5fd767b97b8d161100ce894254e5783f.jpg,512,256,Fillings,362,118,393,172
0834_jpg.rf.5fd767b97b8d161100ce894254e5783f.jpg,512,256,Fillings,332,119,367,178
0834_jpg.rf.5fd767b97b8d161100ce894254e5783f.jpg,512,256,Fillings,316,121,338,179
0834_jpg.rf.5fd767b97b8d161100ce894254e5783f.jpg,512,256,Fillings,110,130,139,171
0098_jpg.rf.66a48777bc22515364d7b419d5441796.jpg,512,256,Cavity,343,165,372,206
0098_jpg.rf.66a48777bc22515364d7b419d5441796.jpg,512,256,Fillings,134,158,171,205
0098_jpg.rf.66a48777bc22515364d7b419d5441796.jpg,512,256,Fillings,140,106,165,151
0098_jpg.rf.66a48777bc22515364d7b419d5441796.jpg,512,256,Implant,163,105,187,153
0098_jpg.rf.66a48777bc22515364d7b419d5441796.jpg,512,256,Fillings,332,113,358,160
0098_jpg.rf.66a48777bc22515364d7b419d5441796.jpg,512,256,Fillings,197,105,213,147
0098_jpg.rf.66a48777bc22515364d7b419d5441796.jpg,512,256,Fillings,308,162,327,213
0098_jpg.rf.66a48777bc22515364d7b419d5441796.jpg,512,256,Fillings,185,159,203,212
0098_jpg.rf.66a48777bc22515364d7b419d5441796.jpg,512,256,Fillings,186,102,198,148
0539_jpg.rf.725214aa91d5166e4c1e04b15ab0e745.jpg,512,256,Fillings,347,135,382,176
0539_jpg.rf.725214aa91d5166e4c1e04b15ab0e745.jpg,512,256,Fillings,213,137,227,189
0539_jpg.rf.725214aa91d5166e4c1e04b15ab0e745.jpg,512,256,Fillings,307,138,333,197
0539_jpg.rf.725214aa91d5166e4c1e04b15ab0e745.jpg,512,256,Cavity,165,134,200,188
0192_jpg.rf.63bbaf1265e3d2664099abd48d2fcd68.jpg,512,256,Fillings,338,102,360,142
0192_jpg.rf.63bbaf1265e3d2664099abd48d2fcd68.jpg,512,256,Fillings,323,102,344,142
0192_jpg.rf.63bbaf1265e3d2664099abd48d2fcd68.jpg,512,256,Implant,307,102,322,142
0192_jpg.rf.63bbaf1265e3d2664099abd48d2fcd68.jpg,512,256,Fillings,294,109,310,143
0192_jpg.rf.63bbaf1265e3d2664099abd48d2fcd68.jpg,512,256,Fillings,176,104,200,144
0192_jpg.rf.63bbaf1265e3d2664099abd48d2fcd68.jpg,512,256,Fillings,145,141,176,183
0192_jpg.rf.63bbaf1265e3d2664099abd48d2fcd68.jpg,512,256,Implant,175,141,199,184
0192_jpg.rf.63bbaf1265e3d2664099abd48d2fcd68.jpg,512,256,Fillings,213,147,229,191
0192_jpg.rf.63bbaf1265e3d2664099abd48d2fcd68.jpg,512,256,Fillings,199,109,209,142
0192_jpg.rf.63bbaf1265e3d2664099abd48d2fcd68.jpg,512,256,Fillings,210,112,225,144
0192_jpg.rf.63bbaf1265e3d2664099abd48d2fcd68.jpg,512,256,Fillings,150,104,178,141
0192_jpg.rf.63bbaf1265e3d2664099abd48d2fcd68.jpg,512,256,Fillings,300,144,324,185
0192_jpg.rf.63bbaf1265e3d2664099abd48d2fcd68.jpg,512,256,Fillings,318,142,348,186
0192_jpg.rf.63bbaf1265e3d2664099abd48d2fcd68.jpg,512,256,Fillings,339,140,368,179
0192_jpg.rf.63bbaf1265e3d2664099abd48d2fcd68.jpg,512,256,Fillings,199,144,214,167
0056_jpg.rf.6719f5b67f55726778c11022c690ee7f.jpg,512,256,Implant,120,128,151,182
0056_jpg.rf.6719f5b67f55726778c11022c690ee7f.jpg,512,256,Implant,341,123,371,181
0092_jpg.rf.922f6021eb8dd014c8924dea310fb7eb.jpg,512,256,Impacted Tooth,129,149,155,181
0092_jpg.rf.922f6021eb8dd014c8924dea310fb7eb.jpg,512,256,Impacted Tooth,364,148,393,179
0855_jpg.rf.8489e77153d687fc24b595755459a588.jpg,512,256,Implant,154,134,193,197
0855_jpg.rf.8489e77153d687fc24b595755459a588.jpg,512,256,Implant,195,52,215,125
0855_jpg.rf.8489e77153d687fc24b595755459a588.jpg,512,256,Implant,344,133,373,172
0855_jpg.rf.8489e77153d687fc24b595755459a588.jpg,512,256,Fillings,103,124,137,178
0855_jpg.rf.8489e77153d687fc24b595755459a588.jpg,512,256,Fillings,129,56,155,123
0855_jpg.rf.8489e77153d687fc24b595755459a588.jpg,512,256,Fillings,105,71,133,118
0478_jpg.rf.704066584b84f91fa12ef00316c76c8d.jpg,512,256,Implant,265,83,284,144
0995_jpg.rf.7e05c8d7d34d8a551eefafbf0f9520de.jpg,512,256,Implant,258,87,275,128
0995_jpg.rf.7e05c8d7d34d8a551eefafbf0f9520de.jpg,512,256,Implant,276,84,288,130
0995_jpg.rf.7e05c8d7d34d8a551eefafbf0f9520de.jpg,512,256,Fillings,194,84,217,132
0995_jpg.rf.7e05c8d7d34d8a551eefafbf0f9520de.jpg,512,256,Fillings,172,84,193,134
0995_jpg.rf.7e05c8d7d34d8a551eefafbf0f9520de.jpg,512,256,Fillings,340,87,364,139
0250_jpg.rf.70917cf6f6ab130b58494353f83c8c72.jpg,512,256,Fillings,165,156,201,203
0250_jpg.rf.70917cf6f6ab130b58494353f83c8c72.jpg,512,256,Fillings,165,108,187,152
0250_jpg.rf.70917cf6f6ab130b58494353f83c8c72.jpg,512,256,Fillings,311,159,345,197
0250_jpg.rf.70917cf6f6ab130b58494353f83c8c72.jpg,512,256,Fillings,141,150,177,196
0250_jpg.rf.70917cf6f6ab130b58494353f83c8c72.jpg,512,256,Fillings,117,144,154,181
0250_jpg.rf.70917cf6f6ab130b58494353f83c8c72.jpg,512,256,Fillings,186,110,201,154
0547_jpg.rf.95af1dd5d044f04771bf3467c2204012.jpg,512,256,Fillings,308,123,330,181
0547_jpg.rf.95af1dd5d044f04771bf3467c2204012.jpg,512,256,Fillings,289,122,310,175
0547_jpg.rf.95af1dd5d044f04771bf3467c2204012.jpg,512,256,Fillings,179,120,197,175
0547_jpg.rf.95af1dd5d044f04771bf3467c2204012.jpg,512,256,Fillings,167,58,186,120
0547_jpg.rf.95af1dd5d044f04771bf3467c2204012.jpg,512,256,Fillings,180,58,204,119
0547_jpg.rf.95af1dd5d044f04771bf3467c2204012.jpg,512,256,Fillings,296,63,327,122
0547_jpg.rf.95af1dd5d044f04771bf3467c2204012.jpg,512,256,Fillings,316,65,342,120
0547_jpg.rf.95af1dd5d044f04771bf3467c2204012.jpg,512,256,Fillings,102,111,143,150
0547_jpg.rf.95af1dd5d044f04771bf3467c2204012.jpg,512,256,Cavity,288,60,304,99
0547_jpg.rf.95af1dd5d044f04771bf3467c2204012.jpg,512,256,Fillings,197,122,214,170
0319_jpg.rf.865635b4814640d241d4ca2349d1db42.jpg,512,256,Impacted Tooth,128,167,154,194
0878_jpg.rf.78ef2a6b6ad228db74e583701c39cd39.jpg,512,256,Implant,331,137,368,170
0878_jpg.rf.78ef2a6b6ad228db74e583701c39cd39.jpg,512,256,Fillings,333,93,359,132
0878_jpg.rf.78ef2a6b6ad228db74e583701c39cd39.jpg,512,256,Fillings,313,97,333,133
0878_jpg.rf.78ef2a6b6ad228db74e583701c39cd39.jpg,512,256,Implant,300,92,313,135
0878_jpg.rf.78ef2a6b6ad228db74e583701c39cd39.jpg,512,256,Implant,284,89,300,135
0878_jpg.rf.78ef2a6b6ad228db74e583701c39cd39.jpg,512,256,Implant,265,92,278,137
0878_jpg.rf.78ef2a6b6ad228db74e583701c39cd39.jpg,512,256,Fillings,225,99,238,139
0878_jpg.rf.78ef2a6b6ad228db74e583701c39cd39.jpg,512,256,Fillings,207,95,228,142
0878_jpg.rf.78ef2a6b6ad228db74e583701c39cd39.jpg,512,256,Fillings,193,101,213,144
0878_jpg.rf.78ef2a6b6ad228db74e583701c39cd39.jpg,512,256,Fillings,171,106,197,149
0878_jpg.rf.78ef2a6b6ad228db74e583701c39cd39.jpg,512,256,Fillings,129,141,164,182
0878_jpg.rf.78ef2a6b6ad228db74e583701c39cd39.jpg,512,256,Implant,220,148,233,193
0878_jpg.rf.78ef2a6b6ad228db74e583701c39cd39.jpg,512,256,Fillings,315,139,334,187
0878_jpg.rf.78ef2a6b6ad228db74e583701c39cd39.jpg,512,256,Fillings,293,144,315,190
0878_jpg.rf.78ef2a6b6ad228db74e583701c39cd39.jpg,512,256,Fillings,276,145,293,185
0878_jpg.rf.78ef2a6b6ad228db74e583701c39cd39.jpg,512,256,Implant,252,146,261,193
0878_jpg.rf.78ef2a6b6ad228db74e583701c39cd39.jpg,512,256,Implant,242,149,251,186
0878_jpg.rf.78ef2a6b6ad228db74e583701c39cd39.jpg,512,256,Fillings,232,149,243,171
0899_jpg.rf.9aa0303d14013b8904172664ee318ea0.jpg,512,256,Implant,332,102,372,166
0899_jpg.rf.9aa0303d14013b8904172664ee318ea0.jpg,512,256,Implant,310,104,336,156
0899_jpg.rf.9aa0303d14013b8904172664ee318ea0.jpg,512,256,Fillings,119,102,159,161
0899_jpg.rf.9aa0303d14013b8904172664ee318ea0.jpg,512,256,Implant,148,107,185,166
0899_jpg.rf.9aa0303d14013b8904172664ee318ea0.jpg,512,256,Implant,179,107,203,174
0899_jpg.rf.9aa0303d14013b8904172664ee318ea0.jpg,512,256,Implant,198,107,218,173
0899_jpg.rf.9aa0303d14013b8904172664ee318ea0.jpg,512,256,Implant,220,42,239,100
0899_jpg.rf.9aa0303d14013b8904172664ee318ea0.jpg,512,256,Implant,187,41,206,104
0899_jpg.rf.9aa0303d14013b8904172664ee318ea0.jpg,512,256,Implant,141,41,171,99
0899_jpg.rf.9aa0303d14013b8904172664ee318ea0.jpg,512,256,Implant,302,43,330,99
0899_jpg.rf.9aa0303d14013b8904172664ee318ea0.jpg,512,256,Fillings,170,81,187,105
0472_jpg.rf.9672cea13e815b91e89d7ceec881e73d.jpg,512,256,Fillings,157,84,184,126
0711_jpg.rf.9400d7d1c73565b9221171b9457b2082.jpg,512,256,Impacted Tooth,127,147,159,176
0068_jpg.rf.8d1f95a7bd401655c7768b48eb35add5.jpg,512,256,Impacted Tooth,363,160,385,186
0068_jpg.rf.8d1f95a7bd401655c7768b48eb35add5.jpg,512,256,Impacted Tooth,134,155,154,178
0885_jpg.rf.9deddc2e027abf4c28e98241c57998e8.jpg,512,256,Impacted Tooth,375,154,411,182
0885_jpg.rf.9deddc2e027abf4c28e98241c57998e8.jpg,512,256,Fillings,154,95,178,140
0885_jpg.rf.9deddc2e027abf4c28e98241c57998e8.jpg,512,256,Fillings,331,100,356,145
0885_jpg.rf.9deddc2e027abf4c28e98241c57998e8.jpg,512,256,Fillings,316,98,334,147
0885_jpg.rf.9deddc2e027abf4c28e98241c57998e8.jpg,512,256,Fillings,299,97,317,149
0885_jpg.rf.9deddc2e027abf4c28e98241c57998e8.jpg,512,256,Impacted Tooth,101,153,131,183
0582_jpg.rf.701babaf140bf150cb160709fd2181c2.jpg,512,256,Fillings,157,139,196,193
0627_jpg.rf.9a216750603155f4201e8f7631c0ce67.jpg,512,256,Fillings,359,86,383,133
0627_jpg.rf.9a216750603155f4201e8f7631c0ce67.jpg,512,256,Fillings,328,142,351,196
0627_jpg.rf.9a216750603155f4201e8f7631c0ce67.jpg,512,256,Fillings,188,137,208,191
0627_jpg.rf.9a216750603155f4201e8f7631c0ce67.jpg,512,256,Fillings,162,139,191,194
0627_jpg.rf.9a216750603155f4201e8f7631c0ce67.jpg,512,256,Fillings,132,140,165,188
0627_jpg.rf.9a216750603155f4201e8f7631c0ce67.jpg,512,256,Fillings,156,80,181,136
0627_jpg.rf.9a216750603155f4201e8f7631c0ce67.jpg,512,256,Fillings,179,88,200,132
0438_jpg.rf.9dbb3efde489184f10e92c8e142447db.jpg,512,256,Cavity,384,120,422,165
0438_jpg.rf.9dbb3efde489184f10e92c8e142447db.jpg,512,256,Fillings,362,130,402,178
0438_jpg.rf.9dbb3efde489184f10e92c8e142447db.jpg,512,256,Fillings,335,135,375,186
0288_jpg.rf.7576a9c760c217036a5ab1a7db10d2c7.jpg,512,256,Fillings,358,130,407,184
0288_jpg.rf.7576a9c760c217036a5ab1a7db10d2c7.jpg,512,256,Fillings,328,97,347,143
0288_jpg.rf.7576a9c760c217036a5ab1a7db10d2c7.jpg,512,256,Fillings,136,136,153,191
0288_jpg.rf.7576a9c760c217036a5ab1a7db10d2c7.jpg,512,256,Fillings,152,136,174,193
0823_jpg.rf.a47d3c1efbc80e2cfddb080ce99c05b8.jpg,512,256,Implant,92,142,126,180
0823_jpg.rf.a47d3c1efbc80e2cfddb080ce99c05b8.jpg,512,256,Fillings,118,105,140,150
0823_jpg.rf.a47d3c1efbc80e2cfddb080ce99c05b8.jpg,512,256,Fillings,139,106,167,151
0823_jpg.rf.a47d3c1efbc80e2cfddb080ce99c05b8.jpg,512,256,Fillings,190,150,206,202
0823_jpg.rf.a47d3c1efbc80e2cfddb080ce99c05b8.jpg,512,256,Fillings,174,150,190,201
0823_jpg.rf.a47d3c1efbc80e2cfddb080ce99c05b8.jpg,512,256,Implant,325,103,341,148
0823_jpg.rf.a47d3c1efbc80e2cfddb080ce99c05b8.jpg,512,256,Fillings,361,101,387,144
0823_jpg.rf.a47d3c1efbc80e2cfddb080ce99c05b8.jpg,512,256,Implant,333,148,371,195
0823_jpg.rf.a47d3c1efbc80e2cfddb080ce99c05b8.jpg,512,256,Implant,316,145,332,190
0823_jpg.rf.a47d3c1efbc80e2cfddb080ce99c05b8.jpg,512,256,Fillings,341,124,362,147
0823_jpg.rf.a47d3c1efbc80e2cfddb080ce99c05b8.jpg,512,256,Fillings,175,106,191,151
0823_jpg.rf.a47d3c1efbc80e2cfddb080ce99c05b8.jpg,512,256,Fillings,152,151,176,171
0823_jpg.rf.a47d3c1efbc80e2cfddb080ce99c05b8.jpg,512,256,Fillings,125,150,152,172
0823_jpg.rf.a47d3c1efbc80e2cfddb080ce99c05b8.jpg,512,256,Fillings,297,144,316,194
0823_jpg.rf.a47d3c1efbc80e2cfddb080ce99c05b8.jpg,512,256,Fillings,361,144,399,181
0823_jpg.rf.a47d3c1efbc80e2cfddb080ce99c05b8.jpg,512,256,Fillings,191,104,210,150
0823_jpg.rf.a47d3c1efbc80e2cfddb080ce99c05b8.jpg,512,256,Fillings,293,102,313,145
0103_jpg.rf.a880b4c4b3b709f060808bf114dc93ca.jpg,512,256,Fillings,191,105,207,149
0103_jpg.rf.a880b4c4b3b709f060808bf114dc93ca.jpg,512,256,Implant,316,94,340,143
0103_jpg.rf.a880b4c4b3b709f060808bf114dc93ca.jpg,512,256,Fillings,300,150,325,190
0103_jpg.rf.a880b4c4b3b709f060808bf114dc93ca.jpg,512,256,Fillings,160,144,201,193
0103_jpg.rf.a880b4c4b3b709f060808bf114dc93ca.jpg,512,256,Fillings,206,103,217,151
0150_jpg.rf.a80e14d901f34469b81be6f569f7c5cc.jpg,512,256,Fillings,139,122,166,158
0150_jpg.rf.a80e14d901f34469b81be6f569f7c5cc.jpg,512,256,Fillings,340,158,376,199
0150_jpg.rf.a80e14d901f34469b81be6f569f7c5cc.jpg,512,256,Implant,350,120,377,159
0150_jpg.rf.a80e14d901f34469b81be6f569f7c5cc.jpg,512,256,Fillings,369,152,400,200
0150_jpg.rf.a80e14d901f34469b81be6f569f7c5cc.jpg,512,256,Impacted Tooth,401,169,441,197
0150_jpg.rf.a80e14d901f34469b81be6f569f7c5cc.jpg,512,256,Implant,140,158,168,198
0150_jpg.rf.a80e14d901f34469b81be6f569f7c5cc.jpg,512,256,Fillings,160,122,182,158
0150_jpg.rf.a80e14d901f34469b81be6f569f7c5cc.jpg,512,256,Implant,175,117,198,156
0150_jpg.rf.a80e14d901f34469b81be6f569f7c5cc.jpg,512,256,Implant,319,121,335,158
0462_jpg.rf.a82b90dc40250cf8ea4a5fafcac01934.jpg,512,256,Impacted Tooth,376,140,399,167
0462_jpg.rf.a82b90dc40250cf8ea4a5fafcac01934.jpg,512,256,Impacted Tooth,146,96,171,121
0462_jpg.rf.a82b90dc40250cf8ea4a5fafcac01934.jpg,512,256,Impacted Tooth,127,141,155,173
0462_jpg.rf.a82b90dc40250cf8ea4a5fafcac01934.jpg,512,256,Impacted Tooth,352,96,374,121
0825_jpg.rf.a36d73e17d7a1da6435245915ea9f14f.jpg,512,256,Fillings,330,77,367,126
0825_jpg.rf.a36d73e17d7a1da6435245915ea9f14f.jpg,512,256,Fillings,123,75,154,127
0825_jpg.rf.a36d73e17d7a1da6435245915ea9f14f.jpg,512,256,Fillings,112,131,164,182
0825_jpg.rf.a36d73e17d7a1da6435245915ea9f14f.jpg,512,256,Fillings,85,115,133,166
0741_jpg.rf.9d76e457e6dfcf56f618eb048460427b.jpg,512,256,Fillings,352,132,388,176
0741_jpg.rf.9d76e457e6dfcf56f618eb048460427b.jpg,512,256,Implant,162,128,193,183
0741_jpg.rf.9d76e457e6dfcf56f618eb048460427b.jpg,512,256,Fillings,122,94,156,139
0741_jpg.rf.9d76e457e6dfcf56f618eb048460427b.jpg,512,256,Fillings,193,83,223,128
0741_jpg.rf.9d76e457e6dfcf56f618eb048460427b.jpg,512,256,Fillings,366,90,389,133
0741_jpg.rf.9d76e457e6dfcf56f618eb048460427b.jpg,512,256,Fillings,233,73,252,123
0741_jpg.rf.9d76e457e6dfcf56f618eb048460427b.jpg,512,256,Fillings,248,72,269,126
0741_jpg.rf.9d76e457e6dfcf56f618eb048460427b.jpg,512,256,Fillings,268,99,288,123
0741_jpg.rf.9d76e457e6dfcf56f618eb048460427b.jpg,512,256,Fillings,302,75,320,128
0741_jpg.rf.9d76e457e6dfcf56f618eb048460427b.jpg,512,256,Implant,345,76,374,132
0741_jpg.rf.9d76e457e6dfcf56f618eb048460427b.jpg,512,256,Implant,298,131,316,176
0741_jpg.rf.9d76e457e6dfcf56f618eb048460427b.jpg,512,256,Fillings,192,131,216,185
0741_jpg.rf.9d76e457e6dfcf56f618eb048460427b.jpg,512,256,Fillings,326,130,363,186
0741_jpg.rf.9d76e457e6dfcf56f618eb048460427b.jpg,512,256,Fillings,286,103,302,125
0741_jpg.rf.9d76e457e6dfcf56f618eb048460427b.jpg,512,256,Implant,314,131,329,186
0741_jpg.rf.9d76e457e6dfcf56f618eb048460427b.jpg,512,256,Implant,318,73,335,130
0741_jpg.rf.9d76e457e6dfcf56f618eb048460427b.jpg,512,256,Fillings,331,106,347,131
0481_jpg.rf.b2ecb150b2a86eba181ed234d7c2ef35.jpg,512,256,Implant,154,113,173,158
0481_jpg.rf.b2ecb150b2a86eba181ed234d7c2ef35.jpg,512,256,Implant,173,113,191,161
0481_jpg.rf.b2ecb150b2a86eba181ed234d7c2ef35.jpg,512,256,Implant,185,113,205,161
0481_jpg.rf.b2ecb150b2a86eba181ed234d7c2ef35.jpg,512,256,Fillings,304,157,331,211
0481_jpg.rf.b2ecb150b2a86eba181ed234d7c2ef35.jpg,512,256,Fillings,317,113,347,156
0481_jpg.rf.b2ecb150b2a86eba181ed234d7c2ef35.jpg,512,256,Fillings,319,155,347,208
0481_jpg.rf.b2ecb150b2a86eba181ed234d7c2ef35.jpg,512,256,Fillings,343,150,388,196
0481_jpg.rf.b2ecb150b2a86eba181ed234d7c2ef35.jpg,512,256,Impacted Tooth,107,159,139,195
0481_jpg.rf.b2ecb150b2a86eba181ed234d7c2ef35.jpg,512,256,Impacted Tooth,375,151,411,183
0481_jpg.rf.b2ecb150b2a86eba181ed234d7c2ef35.jpg,512,256,Impacted Tooth,123,95,148,137
0481_jpg.rf.b2ecb150b2a86eba181ed234d7c2ef35.jpg,512,256,Impacted Tooth,350,96,384,126
0481_jpg.rf.b2ecb150b2a86eba181ed234d7c2ef35.jpg,512,256,Fillings,328,156,360,203
0481_jpg.rf.b2ecb150b2a86eba181ed234d7c2ef35.jpg,512,256,Fillings,151,160,185,209
0463_jpg.rf.adc570a9de38c884cdf7820e5420b0e4.jpg,512,256,Fillings,315,106,337,148
0463_jpg.rf.adc570a9de38c884cdf7820e5420b0e4.jpg,512,256,Fillings,134,108,168,150
0463_jpg.rf.adc570a9de38c884cdf7820e5420b0e4.jpg,512,256,Fillings,188,155,209,197
0463_jpg.rf.adc570a9de38c884cdf7820e5420b0e4.jpg,512,256,Fillings,189,99,217,144
0463_jpg.rf.adc570a9de38c884cdf7820e5420b0e4.jpg,512,256,Implant,236,98,256,148
0463_jpg.rf.adc570a9de38c884cdf7820e5420b0e4.jpg,512,256,Implant,276,99,294,147
0463_jpg.rf.adc570a9de38c884cdf7820e5420b0e4.jpg,512,256,Fillings,258,100,277,147
0463_jpg.rf.adc570a9de38c884cdf7820e5420b0e4.jpg,512,256,Cavity,358,109,378,134
0463_jpg.rf.adc570a9de38c884cdf7820e5420b0e4.jpg,512,256,Cavity,338,114,358,136
0247_jpg.rf.c204bc5921278e51b29081ed272b0c8e.jpg,512,256,Implant,165,136,192,194
0247_jpg.rf.c204bc5921278e51b29081ed272b0c8e.jpg,512,256,Implant,132,133,167,194
0247_jpg.rf.c204bc5921278e51b29081ed272b0c8e.jpg,512,256,Fillings,107,127,144,176
0247_jpg.rf.c204bc5921278e51b29081ed272b0c8e.jpg,512,256,Fillings,348,130,383,191
0247_jpg.rf.c204bc5921278e51b29081ed272b0c8e.jpg,512,256,Fillings,379,122,415,178
0247_jpg.rf.c204bc5921278e51b29081ed272b0c8e.jpg,512,256,Fillings,377,64,401,116
0247_jpg.rf.c204bc5921278e51b29081ed272b0c8e.jpg,512,256,Fillings,346,64,378,119
0245_jpg.rf.c6933f3269649149481b1515759efe33.jpg,512,256,Fillings,114,90,136,140
0245_jpg.rf.c6933f3269649149481b1515759efe33.jpg,512,256,Implant,289,91,312,146
0245_jpg.rf.c6933f3269649149481b1515759efe33.jpg,512,256,Fillings,180,103,194,145
0245_jpg.rf.c6933f3269649149481b1515759efe33.jpg,512,256,Fillings,370,132,411,178
0245_jpg.rf.c6933f3269649149481b1515759efe33.jpg,512,256,Fillings,196,103,211,147
0984_jpg.rf.d770424d7e0cbaf0210f900cd7a0a37b.jpg,512,256,Fillings,302,102,321,143
0984_jpg.rf.d770424d7e0cbaf0210f900cd7a0a37b.jpg,512,256,Fillings,319,105,337,146
0984_jpg.rf.d770424d7e0cbaf0210f900cd7a0a37b.jpg,512,256,Fillings,183,144,207,195
0984_jpg.rf.d770424d7e0cbaf0210f900cd7a0a37b.jpg,512,256,Fillings,291,146,310,193
0984_jpg.rf.d770424d7e0cbaf0210f900cd7a0a37b.jpg,512,256,Fillings,247,98,259,146
0984_jpg.rf.d770424d7e0cbaf0210f900cd7a0a37b.jpg,512,256,Fillings,123,130,162,174
0984_jpg.rf.d770424d7e0cbaf0210f900cd7a0a37b.jpg,512,256,Fillings,275,139,291,197
0779_jpg.rf.5e81e083ec3f39a4653caca440ece538.jpg,512,256,Fillings,288,109,303,161
0589_jpg.rf.b1a0477a3d6c24ec7e52e26bbd7b9d15.jpg,512,256,Fillings,320,141,360,194
0589_jpg.rf.b1a0477a3d6c24ec7e52e26bbd7b9d15.jpg,512,256,Fillings,156,138,197,195
0589_jpg.rf.b1a0477a3d6c24ec7e52e26bbd7b9d15.jpg,512,256,Fillings,306,104,323,144
0589_jpg.rf.b1a0477a3d6c24ec7e52e26bbd7b9d15.jpg,512,256,Fillings,294,144,312,192
0589_jpg.rf.b1a0477a3d6c24ec7e52e26bbd7b9d15.jpg,512,256,Fillings,307,145,328,190
0003_jpg.rf.ca9d51a22c825737b49a5f73d3172d23.jpg,512,256,Cavity,325,115,361,172
0189_jpg.rf.d8bd2754b9ff4da570f91125c7cd40e7.jpg,512,256,Fillings,337,142,374,181
0189_jpg.rf.d8bd2754b9ff4da570f91125c7cd40e7.jpg,512,256,Fillings,342,101,366,141
0189_jpg.rf.d8bd2754b9ff4da570f91125c7cd40e7.jpg,512,256,Fillings,320,101,343,145
0189_jpg.rf.d8bd2754b9ff4da570f91125c7cd40e7.jpg,512,256,Fillings,152,102,178,150
0189_jpg.rf.d8bd2754b9ff4da570f91125c7cd40e7.jpg,512,256,Fillings,119,147,155,188
0327_jpg.rf.d7f0b49f459696a5d3dd923dd7371e88.jpg,512,256,Fillings,351,151,385,187
0327_jpg.rf.d7f0b49f459696a5d3dd923dd7371e88.jpg,512,256,Implant,322,107,338,151
0327_jpg.rf.d7f0b49f459696a5d3dd923dd7371e88.jpg,512,256,Fillings,333,116,359,153
0327_jpg.rf.d7f0b49f459696a5d3dd923dd7371e88.jpg,512,256,Fillings,356,114,380,148
0327_jpg.rf.d7f0b49f459696a5d3dd923dd7371e88.jpg,512,256,Fillings,137,102,165,148
0327_jpg.rf.d7f0b49f459696a5d3dd923dd7371e88.jpg,512,256,Implant,198,150,223,192
0327_jpg.rf.d7f0b49f459696a5d3dd923dd7371e88.jpg,512,256,Fillings,190,101,217,145
0327_jpg.rf.d7f0b49f459696a5d3dd923dd7371e88.jpg,512,256,Fillings,164,150,200,198
0327_jpg.rf.d7f0b49f459696a5d3dd923dd7371e88.jpg,512,256,Fillings,297,153,312,203
0327_jpg.rf.d7f0b49f459696a5d3dd923dd7371e88.jpg,512,256,Fillings,328,157,350,199
0327_jpg.rf.d7f0b49f459696a5d3dd923dd7371e88.jpg,512,256,Fillings,161,101,190,147
0327_jpg.rf.d7f0b49f459696a5d3dd923dd7371e88.jpg,512,256,Fillings,150,149,176,191
0327_jpg.rf.d7f0b49f459696a5d3dd923dd7371e88.jpg,512,256,Impacted Tooth,109,159,148,188
0327_jpg.rf.d7f0b49f459696a5d3dd923dd7371e88.jpg,512,256,Fillings,311,156,328,201
0617_jpg.rf.bbcd86b6387215a385318b45c70b271c.jpg,512,256,Cavity,215,113,230,154
0617_jpg.rf.bbcd86b6387215a385318b45c70b271c.jpg,512,256,Cavity,196,117,207,154
0617_jpg.rf.bbcd86b6387215a385318b45c70b271c.jpg,512,256,Cavity,301,165,334,205
0617_jpg.rf.bbcd86b6387215a385318b45c70b271c.jpg,512,256,Cavity,288,162,300,203
0617_jpg.rf.bbcd86b6387215a385318b45c70b271c.jpg,512,256,Cavity,277,159,289,200
0617_jpg.rf.bbcd86b6387215a385318b45c70b271c.jpg,512,256,Cavity,179,163,204,186
0617_jpg.rf.bbcd86b6387215a385318b45c70b271c.jpg,512,256,Cavity,158,115,173,142
0617_jpg.rf.bbcd86b6387215a385318b45c70b271c.jpg,512,256,Cavity,279,117,289,146
0617_jpg.rf.bbcd86b6387215a385318b45c70b271c.jpg,512,256,Cavity,230,114,240,149
0617_jpg.rf.bbcd86b6387215a385318b45c70b271c.jpg,512,256,Cavity,223,161,235,194
0617_jpg.rf.bbcd86b6387215a385318b45c70b271c.jpg,512,256,Cavity,211,158,227,193
0617_jpg.rf.bbcd86b6387215a385318b45c70b271c.jpg,512,256,Implant,266,122,278,156
0941_jpg.rf.88069aa1e1e0d574836d0ea77948cfcd.jpg,512,256,Fillings,186,148,206,197
0941_jpg.rf.88069aa1e1e0d574836d0ea77948cfcd.jpg,512,256,Fillings,132,143,165,191
0941_jpg.rf.88069aa1e1e0d574836d0ea77948cfcd.jpg,512,256,Fillings,141,87,161,139
0941_jpg.rf.88069aa1e1e0d574836d0ea77948cfcd.jpg,512,256,Fillings,344,86,366,131
0941_jpg.rf.88069aa1e1e0d574836d0ea77948cfcd.jpg,512,256,Fillings,301,86,319,134
0941_jpg.rf.88069aa1e1e0d574836d0ea77948cfcd.jpg,512,256,Fillings,162,95,183,142
0941_jpg.rf.88069aa1e1e0d574836d0ea77948cfcd.jpg,512,256,Fillings,295,143,314,195
0941_jpg.rf.88069aa1e1e0d574836d0ea77948cfcd.jpg,512,256,Fillings,319,92,344,135
0511_jpg.rf.b1326c3c6b6a7912bf59256595ad5ab6.jpg,512,256,Implant,332,144,365,193
0511_jpg.rf.b1326c3c6b6a7912bf59256595ad5ab6.jpg,512,256,Fillings,159,102,184,145
0511_jpg.rf.b1326c3c6b6a7912bf59256595ad5ab6.jpg,512,256,Cavity,319,106,344,140
0511_jpg.rf.b1326c3c6b6a7912bf59256595ad5ab6.jpg,512,256,Cavity,305,112,318,141
0511_jpg.rf.b1326c3c6b6a7912bf59256595ad5ab6.jpg,512,256,Cavity,161,151,178,177
0511_jpg.rf.b1326c3c6b6a7912bf59256595ad5ab6.jpg,512,256,Cavity,172,156,195,180
0164_jpg.rf.b68fccb1be35095dc0411f28d42201a2.jpg,512,256,Implant,205,154,230,192
0164_jpg.rf.b68fccb1be35095dc0411f28d42201a2.jpg,512,256,Fillings,201,97,225,146
0164_jpg.rf.b68fccb1be35095dc0411f28d42201a2.jpg,512,256,Implant,308,106,328,151
0164_jpg.rf.b68fccb1be35095dc0411f28d42201a2.jpg,512,256,Impacted Tooth,141,156,193,197
0650_jpg.rf.bbef60fb0c8590801e7d18f0eaaa6261.jpg,512,256,Cavity,176,96,195,130
0650_jpg.rf.bbef60fb0c8590801e7d18f0eaaa6261.jpg,512,256,Cavity,282,96,301,131
0650_jpg.rf.bbef60fb0c8590801e7d18f0eaaa6261.jpg,512,256,Fillings,361,138,398,181
0650_jpg.rf.bbef60fb0c8590801e7d18f0eaaa6261.jpg,512,256,Fillings,346,96,374,138
0650_jpg.rf.bbef60fb0c8590801e7d18f0eaaa6261.jpg,512,256,Fillings,161,100,179,141
0650_jpg.rf.bbef60fb0c8590801e7d18f0eaaa6261.jpg,512,256,Fillings,133,102,161,142
0650_jpg.rf.bbef60fb0c8590801e7d18f0eaaa6261.jpg,512,256,Fillings,193,140,213,191
0650_jpg.rf.bbef60fb0c8590801e7d18f0eaaa6261.jpg,512,256,Fillings,372,96,396,138
0650_jpg.rf.bbef60fb0c8590801e7d18f0eaaa6261.jpg,512,256,Cavity,371,96,396,138
0147_jpg.rf.bf6227e9f0abf0da091c356dd1550726.jpg,512,256,Fillings,160,156,192,203
0944_jpg.rf.d5264a28766c902fc8a4bf09ea708f5d.jpg,512,256,Fillings,134,156,170,194
0944_jpg.rf.d5264a28766c902fc8a4bf09ea708f5d.jpg,512,256,Fillings,191,161,210,203
0944_jpg.rf.d5264a28766c902fc8a4bf09ea708f5d.jpg,512,256,Fillings,181,114,199,155
0931_jpg.rf.bdb38638a132d32a13b0e182e7b7eb30.jpg,512,256,Implant,139,140,182,182
0931_jpg.rf.bdb38638a132d32a13b0e182e7b7eb30.jpg,512,256,Implant,289,139,308,186
0931_jpg.rf.bdb38638a132d32a13b0e182e7b7eb30.jpg,512,256,Implant,237,94,255,135
0931_jpg.rf.bdb38638a132d32a13b0e182e7b7eb30.jpg,512,256,Fillings,196,96,215,137
0931_jpg.rf.bdb38638a132d32a13b0e182e7b7eb30.jpg,512,256,Fillings,198,143,214,187
0931_jpg.rf.bdb38638a132d32a13b0e182e7b7eb30.jpg,512,256,Fillings,211,142,225,187
0931_jpg.rf.bdb38638a132d32a13b0e182e7b7eb30.jpg,512,256,Fillings,313,94,343,139
0931_jpg.rf.bdb38638a132d32a13b0e182e7b7eb30.jpg,512,256,Fillings,299,96,314,137
0931_jpg.rf.bdb38638a132d32a13b0e182e7b7eb30.jpg,512,256,Fillings,223,102,238,137
0931_jpg.rf.bdb38638a132d32a13b0e182e7b7eb30.jpg,512,256,Fillings,224,142,240,188
0598_jpg.rf.b103fda6f6879877e14619babd253df1.jpg,512,256,Fillings,349,65,373,120
0598_jpg.rf.b103fda6f6879877e14619babd253df1.jpg,512,256,Fillings,371,54,397,113
0598_jpg.rf.b103fda6f6879877e14619babd253df1.jpg,512,256,Implant,113,58,137,110
0598_jpg.rf.b103fda6f6879877e14619babd253df1.jpg,512,256,Fillings,136,59,163,118
0598_jpg.rf.b103fda6f6879877e14619babd253df1.jpg,512,256,Fillings,163,64,179,116
0598_jpg.rf.b103fda6f6879877e14619babd253df1.jpg,512,256,Fillings,178,59,195,115
0598_jpg.rf.b103fda6f6879877e14619babd253df1.jpg,512,256,Fillings,106,110,144,163
0598_jpg.rf.b103fda6f6879877e14619babd253df1.jpg,512,256,Fillings,168,117,189,179
0598_jpg.rf.b103fda6f6879877e14619babd253df1.jpg,512,256,Implant,307,122,327,178
0598_jpg.rf.b103fda6f6879877e14619babd253df1.jpg,512,256,Fillings,367,112,405,165
0598_jpg.rf.b103fda6f6879877e14619babd253df1.jpg,512,256,Implant,315,59,331,116
0951_jpg.rf.b7eddad480bcff935bddbf1e63bbc420.jpg,512,256,Implant,338,35,357,101